{
    "Decision Tree": {
        "accuracy": 1.0,
        "precision": 1.0,
        "recall": 1.0,
        "f1": 1.0,
        "roc_auc": 1.0
    },
    "Random Forest": {
        "accuracy": 1.0,
        "precision": 1.0,
        "recall": 1.0,
        "f1": 1.0,
        "roc_auc": 1.0
    },
    "AdaBoost": {
        "accuracy": 0.9072164948453608,
        "precision": 0.8899082568807339,
        "recall": 0.941747572815534,
        "f1": 0.9150943396226415,
        "roc_auc": 0.9049397204737011
    }
}